{
  "mlb|strikeouts_pitcher|under": {
    "a": 0.7230036436840827,
    "b": -0.2633746812125949,
    "n": 113,
    "status": "fit"
  },
  "nba|rebounds|under": {
    "a": 1.415323964965794,
    "b": -0.36511189622097623,
    "n": 47,
    "status": "fit"
  },
  "mlb|strikeouts_pitcher|over": {
    "a": 1.108740271336064,
    "b": -0.4173549795450418,
    "n": 44,
    "status": "fit"
  },
  "mlb|total_bases|under": {
    "a": 1.2517282891089212,
    "b": -0.8192244947321127,
    "n": 104,
    "status": "fit"
  },
  "nba|points|over": {
    "a": 0.10023124527334606,
    "b": -0.09128924216302617,
    "n": 54,
    "status": "fit"
  },
  "nba|points|under": {
    "a": 0.09800224853064916,
    "b": 0.027505969984843625,
    "n": 53,
    "status": "fit"
  },
  "mlb|hits|under": {
    "a": 1.1327293642832188,
    "b": 0.26429985695312047,
    "n": 94,
    "status": "fit"
  }
}
