{
  "a": 0.6517711691696347,
  "b": -0.12137141081480028,
  "n": 658,
  "status": "fit"
}
