{
  "a": 0.2952387301320439,
  "b": -0.05373333225683147,
  "n": 3263,
  "status": "fit"
}
