{
  "a": 0.9973373654778298,
  "b": -0.1010219778983081,
  "n": 658,
  "status": "fit"
}
